{
	"description": "项目配置文件",
	"packOptions": {
		"ignore": []
	},
	"setting": {
		"urlCheck": false,
		"es6": true,
		"postcss": true,
		"minified": true,
		"newFeature": true,
		"coverView": true,
		"nodeModules": true,
		"autoAudits": false,
		"checkInvalidKey": true,
		"checkSiteMap": true,
		"uploadWithSourceMap": true,
		"babelSetting": {
			"ignore": [],
			"disablePlugins": [],
			"outputPath": ""
		}
	},
	"compileType": "miniprogram",
	"libVersion": "2.8.1",
	"appid": "wx5b41a56038e8ec76",
	"projectname": "%E5%92%96%E5%95%A1",
	"debugOptions": {
		"hidedInDevtools": []
	},
	"isGameTourist": false,
	"simulatorType": "wechat",
	"simulatorPluginLibVersion": {},
	"condition": {
		"search": {
			"current": -1,
			"list": []
		},
		"conversation": {
			"current": -1,
			"list": []
		},
		"plugin": {
			"current": -1,
			"list": []
		},
		"game": {
			"currentL": -1,
			"list": []
		},
		"miniprogram": {
			"current": 6,
			"list": [
				{
					"id": -1,
					"name": "登录界面",
					"pathName": "pages/login/index",
					"query": "",
					"scene": null
				},
				{
					"id": 1,
					"name": "首页",
					"pathName": "pages/index/index",
					"query": "",
					"scene": null
				},
				{
					"id": 2,
					"name": "商品详情",
					"pathName": "pages/goods/index",
					"query": "id=106",
					"scene": null
				},
				{
					"id": -1,
					"name": "精品阅读",
					"pathName": "pages/reads/index",
					"query": "",
					"scene": null
				},
				{
					"id": -1,
					"name": "精品阅读详情",
					"pathName": "pages/reads/list-detail/index",
					"query": "",
					"scene": null
				},
				{
					"id": 5,
					"name": "店铺首页",
					"pathName": "pages/shop/index",
					"query": "id=1",
					"scene": null
				},
				{
					"id": 6,
					"name": "订单提交",
					"pathName": "pages/shop/pay/index",
					"query": "type=buy",
					"scene": null
				},
				{
					"id": -1,
					"name": "地址编辑",
					"pathName": "pages/component/edit/index",
					"query": "addrData=%7B%22id%22%3A%221%22%2C%22nickname%22%3A%22%E6%88%91%E5%B0%B1%E6%98%AF%E7%8B%97%E5%89%A9%E5%95%8A%22%2C%22phone%22%3A%2215226530478%22%2C%22addr%22%3A%22%E5%B9%BF%E4%B8%9C%E7%9C%81%E5%B9%BF%E5%B7%9E%E5%B8%82%E7%99%BD%E4%BA%91%E5%8C%BA%E4%B9%9D%E9%BE%99%E8%8A%B1%E5%9B%AD5%E6%A0%8B301%22%2C%22is_default%22%3A1%7D",
					"scene": null
				},
				{
					"id": -1,
					"name": "添加地址",
					"pathName": "pages/component/new/index",
					"query": "",
					"scene": null
				},
				{
					"id": -1,
					"name": "我的地址列表",
					"pathName": "pages/home/address/index",
					"query": "",
					"scene": null
				},
				{
					"id": -1,
					"name": "用户订单",
					"pathName": "pages/home/order/index",
					"query": "",
					"scene": null
				},
				{
					"id": -1,
					"name": "订单列表",
					"pathName": "pages/home/order/index",
					"query": "",
					"scene": null
				},
				{
					"id": 12,
					"name": "商品评价",
					"pathName": "pages/home/order/evaluate/index",
					"query": "order_id=1&goods_id=1",
					"scene": null
				},
				{
					"id": -1,
					"name": "店铺列表",
					"pathName": "pages/home/map/index",
					"query": "id=23",
					"scene": null
				},
				{
					"id": 14,
					"name": "pages/reads/index",
					"pathName": "pages/reads/index",
					"query": "id=23",
					"scene": null
				},
				{
					"id": -1,
					"name": "详情",
					"pathName": "pages/reads/list-detail/index",
					"query": "id=1",
					"scene": null
				},
				{
					"id": -1,
					"name": "测试",
					"pathName": "pages/test/index",
					"query": "id=1",
					"scene": null
				},
				{
					"id": 17,
					"name": "商品详情",
					"pathName": "pages/home/order/detail/index",
					"query": "id=106",
					"scene": null
				},
				{
					"id": 18,
					"name": "申请加入分销",
					"pathName": "pages/home/distributor/apply/index",
					"query": "",
					"scene": null
				},
				{
					"id": -1,
					"name": "个人中心",
					"pathName": "pages/home/index",
					"query": "",
					"scene": null
				},
				{
					"id": -1,
					"name": "领卷中心",
					"pathName": "pages/home/ticket/index",
					"query": "",
					"scene": null
				},
				{
					"id": -1,
					"name": "积分明细",
					"pathName": "pages/home/score/index",
					"query": "",
					"scene": null
				},
				{
					"id": 22,
					"name": "pages/cart/index",
					"pathName": "pages/cart/index",
					"query": "",
					"scene": null
				},
				{
					"id": -1,
					"name": "个人资料",
					"pathName": "pages/home/profile/index",
					"query": "",
					"scene": null
				},
				{
					"id": 24,
					"name": "pages/shoplist/index",
					"pathName": "pages/shoplist/index",
					"query": "",
					"scene": null
				},
				{
					"id": -1,
					"name": "分销中心",
					"pathName": "pages/home/distributor/index",
					"query": "",
					"scene": null
				}
			]
		}
	}
}