{
	"description": "项目配置文件",
	"packOptions": {
		"ignore": []
	},
	"setting": {
		"urlCheck": true,
		"es6": true,
		"postcss": true,
		"minified": true,
		"newFeature": true,
		"coverView": true,
		"nodeModules": true,
		"autoAudits": false,
		"checkInvalidKey": true,
		"checkSiteMap": true,
		"uploadWithSourceMap": true,
		"babelSetting": {
			"ignore": [],
			"disablePlugins": [],
			"outputPath": ""
		}
	},
	"compileType": "miniprogram",
	"libVersion": "2.8.1",
	"appid": "wxee354b762521b2ad",
	"projectname": "app",
	"debugOptions": {
		"hidedInDevtools": []
	},
	"isGameTourist": false,
	"simulatorType": "wechat",
	"simulatorPluginLibVersion": {},
	"condition": {
		"search": {
			"current": -1,
			"list": []
		},
		"conversation": {
			"current": -1,
			"list": []
		},
		"plugin": {
			"current": -1,
			"list": []
		},
		"game": {
			"currentL": -1,
			"list": []
		},
		"miniprogram": {
			"current": 5,
			"list": [
				{
					"id": -1,
					"name": "收藏店铺",
					"pathName": "pages/shop/index",
					"query": "id=1",
					"scene": null
				},
				{
					"id": -1,
					"name": "商品详情",
					"pathName": "pages/goods/index",
					"query": "id=106",
					"scene": null
				},
				{
					"id": -1,
					"name": "我的收藏",
					"pathName": "pages/home/collect/index",
					"query": "id=106",
					"scene": null
				},
				{
					"id": -1,
					"name": "文章详情",
					"pathName": "pages/reads/list-detail/index",
					"query": "id=1",
					"scene": null
				},
				{
					"id": -1,
					"name": "个人中心",
					"pathName": "pages/home/index",
					"query": "",
					"scene": null
				},
				{
					"id": -1,
					"name": "搜索店铺",
					"pathName": "pages/home/map/index",
					"scene": null
				}
			]
		}
	}
}