{
  "usingComponents": {
    "van-radio": "./../../vant-weapp/dist/radio/index",
    "van-radio-group": "./../../vant-weapp/dist/radio-group/index",
    "van-cell": "./../../vant-weapp/dist/cell/index",
    "van-cell-group": "./../../vant-weapp/dist/cell-group/index",
    "van-icon": "./../../vant-weapp/dist/icon/index",
    "van-toast": "./../../vant-weapp/dist/toast/index",
    "van-dialog": "./../../vant-weapp/dist/dialog/index",
      "van-checkbox": "./../../vant-weapp/dist/checkbox/index"
      
  }
}